{"holes": {"1": {"path": [[38.749819, -120.709077], [38.750451, -120.71146], [38.750622, -120.712985]], "green": [[38.750549, -120.712981], [38.750554, -120.712967], [38.750557, -120.71295], [38.750557, -120.712934], [38.750556, -120.712921], [38.750553, -120.712905], [38.750557, -120.712881], [38.750563, -120.712866], [38.750573, -120.712854], [38.750583, -120.712844], [38.750595, -120.712838], [38.750608, -120.712832], [38.750616, -120.71283], [38.750627, -120.712833], [38.750636, -120.712841], [38.75064, -120.712848], [38.750651, -120.712865], [38.750659, -120.712882], [38.750663, -120.712903], [38.750668, -120.712919], [38.750672, -120.712938], [38.750676, -120.712958], [38.75068, -120.712978], [38.750685, -120.712993], [38.750692, -120.71301], [38.750704, -120.713026], [38.750712, -120.71304], [38.750722, -120.713058], [38.750725, -120.71308], [38.750722, -120.713103], [38.750717, -120.713119], [38.750707, -120.713137], [38.750694, -120.713145], [38.750674, -120.713144], [38.750655, -120.713135], [38.750633, -120.71312], [38.750616, -120.713111], [38.750594, -120.713105], [38.750574, -120.713102], [38.750558, -120.713097], [38.750544, -120.71308], [38.750535, -120.713064], [38.750534, -120.713043], [38.750534, -120.713025], [38.75054, -120.713005], [38.750549, -120.712981]]}, "2": {"path": [[38.751073, -120.714103], [38.751316, -120.712495]], "green": [[38.751461, -120.712611], [38.751446, -120.712633], [38.751425, -120.712651], [38.75139, -120.712658], [38.751364, -120.712648], [38.751329, -120.712616], [38.7513, -120.712592], [38.751271, -120.712575], [38.751245, -120.712566], [38.751211, -120.712554], [38.751184, -120.712534], [38.751165, -120.712512], [38.751152, -120.712479], [38.751144, -120.712448], [38.751147, -120.712413], [38.751161, -120.712388], [38.751185, -120.712363], [38.751207, -120.712349], [38.751237, -120.712351], [38.751263, -120.712359], [38.751294, -120.712377], [38.751317, -120.712385], [38.751341, -120.712388], [38.751379, -120.712391], [38.751414, -120.712401], [38.751438, -120.712422], [38.751456, -120.712455], [38.751467, -120.712495], [38.75147, -120.712546], [38.751468, -120.712583], [38.751461, -120.712611]]}, "3": {"path": [[38.751661, -120.711361], [38.751942, -120.713763], [38.752886, -120.7141]], "green": [[38.753053, -120.714054], [38.753043, -120.714084], [38.753026, -120.71411], [38.753005, -120.714125], [38.752981, -120.714134], [38.752962, -120.714141], [38.752937, -120.714152], [38.752915, -120.714165], [38.752898, -120.714184], [38.752882, -120.714202], [38.752861, -120.714216], [38.752834, -120.714226], [38.752809, -120.714231], [38.752783, -120.714231], [38.752759, -120.714225], [38.752742, -120.71421], [38.752729, -120.714184], [38.752723, -120.71416], [38.752726, -120.714131], [38.752734, -120.714105], [38.752751, -120.714082], [38.752765, -120.714071], [38.752789, -120.714066], [38.752812, -120.714062], [38.75283, -120.714051], [38.752852, -120.714024], [38.752878, -120.71399], [38.752905, -120.713968], [38.752932, -120.713956], [38.752955, -120.713956], [38.75298, -120.713959], [38.753011, -120.713974], [38.753033, -120.713994], [38.753049, -120.71402], [38.753053, -120.714054]]}, "4": {"path": [[38.75318, -120.714752], [38.754472, -120.715559]], "green": [[38.754612, -120.715612], [38.754598, -120.71565], [38.754579, -120.715667], [38.754554, -120.715679], [38.754535, -120.715681], [38.754516, -120.715666], [38.754493, -120.715657], [38.754476, -120.71566], [38.754452, -120.715676], [38.754427, -120.715698], [38.754408, -120.715706], [38.75438, -120.715705], [38.754357, -120.715686], [38.754342, -120.715652], [38.754327, -120.715609], [38.754306, -120.715566], [38.754297, -120.715526], [38.754302, -120.715495], [38.754313, -120.71547], [38.754336, -120.715446], [38.754363, -120.715429], [38.754397, -120.715422], [38.754427, -120.715422], [38.754461, -120.715418], [38.754493, -120.715409], [38.754518, -120.715403], [38.754544, -120.715407], [38.754571, -120.715425], [38.754594, -120.715447], [38.754612, -120.715472], [38.754622, -120.715497], [38.754622, -120.715551], [38.754619, -120.715584], [38.754612, -120.715612]]}, "5": {"path": [[38.754495, -120.716108], [38.752826, -120.71617], [38.751822, -120.714938], [38.750695, -120.714763]], "green": [[38.750821, -120.71477], [38.750806, -120.714802], [38.750789, -120.714835], [38.750771, -120.714853], [38.750751, -120.714867], [38.750724, -120.714874], [38.750669, -120.714871], [38.75064, -120.714869], [38.750593, -120.714853], [38.750564, -120.714838], [38.750548, -120.714816], [38.750538, -120.714781], [38.750536, -120.714743], [38.750546, -120.714712], [38.750563, -120.714688], [38.750586, -120.714674], [38.750628, -120.714667], [38.750678, -120.714666], [38.750713, -120.714667], [38.750766, -120.714675], [38.750776, -120.714677], [38.750794, -120.71469], [38.750807, -120.714707], [38.750816, -120.714729], [38.750821, -120.714748], [38.750821, -120.71477]]}, "6": {"path": [[38.751049, -120.715494], [38.752516, -120.7175], [38.753745, -120.718727]], "green": [[38.753859, -120.718841], [38.753836, -120.718859], [38.753811, -120.718862], [38.753776, -120.718856], [38.753747, -120.718851], [38.753713, -120.718852], [38.7537, -120.718848], [38.753687, -120.718837], [38.753663, -120.7188], [38.753635, -120.718764], [38.753607, -120.718732], [38.753593, -120.718705], [38.753587, -120.718667], [38.753593, -120.718638], [38.753608, -120.718611], [38.753629, -120.71859], [38.753657, -120.718579], [38.753693, -120.718576], [38.753733, -120.718585], [38.753779, -120.7186], [38.753808, -120.718606], [38.75383, -120.71862], [38.75385, -120.718638], [38.753864, -120.718665], [38.753872, -120.718719], [38.753874, -120.718749], [38.753878, -120.718783], [38.753871, -120.718813], [38.753859, -120.718841]]}, "7": {"path": [[38.753425, -120.719729], [38.751841, -120.719197]], "green": [[38.751982, -120.719314], [38.751963, -120.719325], [38.751944, -120.719326], [38.751914, -120.719322], [38.751882, -120.719306], [38.751863, -120.719298], [38.751833, -120.719294], [38.751781, -120.71929], [38.751754, -120.71928], [38.751735, -120.719265], [38.751715, -120.719239], [38.751692, -120.719188], [38.751672, -120.719128], [38.75167, -120.719098], [38.751673, -120.719078], [38.751683, -120.719058], [38.751696, -120.719044], [38.751713, -120.719037], [38.751733, -120.719036], [38.751755, -120.719044], [38.75178, -120.719059], [38.751807, -120.719091], [38.751833, -120.719118], [38.751849, -120.719133], [38.75187, -120.719151], [38.751898, -120.719167], [38.751923, -120.719176], [38.751944, -120.719188], [38.751962, -120.719205], [38.751976, -120.719226], [38.751988, -120.719248], [38.751992, -120.719264], [38.751995, -120.719287], [38.75199, -120.719302], [38.751982, -120.719314]]}, "8": {"path": [[38.752321, -120.718755], [38.7508, -120.717195], [38.749965, -120.716649]], "green": [[38.75007, -120.716793], [38.750053, -120.71681], [38.750035, -120.71682], [38.750013, -120.716818], [38.749992, -120.716798], [38.749963, -120.716771], [38.749943, -120.716758], [38.749907, -120.71675], [38.749877, -120.716741], [38.749858, -120.71673], [38.749849, -120.716705], [38.749845, -120.716639], [38.749838, -120.716538], [38.749843, -120.716501], [38.749853, -120.716481], [38.749866, -120.716465], [38.749887, -120.71646], [38.749908, -120.71646], [38.749927, -120.716473], [38.749942, -120.716497], [38.749963, -120.716528], [38.749988, -120.716558], [38.750008, -120.71658], [38.75002, -120.716591], [38.75004, -120.716607], [38.750049, -120.716617], [38.750065, -120.71666], [38.750076, -120.716705], [38.75008, -120.716723], [38.750081, -120.716756], [38.75007, -120.716793]]}, "9": {"path": [[38.74947, -120.716569], [38.749064, -120.713163], [38.749321, -120.711801], [38.749572, -120.710957]],