{"ts": 0, "holes": {"1": {"path": [[38.155068, -122.178386], [38.154493, -122.178567], [38.152957, -122.178746], [38.151987, -122.178489]], "green": [[38.152136, -122.178503], [38.15209, -122.178545], [38.152023, -122.178556], [38.151969, -122.178579], [38.151909, -122.178623], [38.151881, -122.17864], [38.151846, -122.178609], [38.151811, -122.178534], [38.151808, -122.17849], [38.151835, -122.178461], [38.151889, -122.178454], [38.151927, -122.178451], [38.151958, -122.178432], [38.151978, -122.1784], [38.151995, -122.178391], [38.152022, -122.178387], [38.152047, -122.178402], [38.152073, -122.178427], [38.152111, -122.178434], [38.152134, -122.17845], [38.152139, -122.178482], [38.152136, -122.178503]]}, "2": {"path": [[38.151229, -122.1794], [38.150696, -122.181415], [38.150442, -122.181936], [38.149809, -122.182499], [38.149487, -122.18358]], "green": [[38.149583, -122.183592], [38.149578, -122.183515], [38.149544, -122.183449], [38.149509, -122.1834], [38.14948, -122.183344], [38.149453, -122.183345], [38.149435, -122.183375], [38.149433, -122.183428], [38.149438, -122.183483], [38.149428, -122.183565], [38.149437, -122.183626], [38.149423, -122.183706], [38.149419, -122.183774], [38.149445, -122.183818], [38.149475, -122.183823], [38.149497, -122.183804], [38.149531, -122.183715], [38.149564, -122.183664], [38.149583, -122.183592]]}, "3": {"path": [[38.149164, -122.183613], [38.148678, -122.185005]], "green": [[38.148747, -122.185031], [38.148803, -122.184922], [38.148779, -122.184864], [38.148729, -122.184854], [38.14869, -122.184868], [38.148662, -122.184911], [38.148632, -122.184972], [38.148616, -122.185011], [38.148588, -122.185046], [38.148582, -122.185073], [38.148593, -122.185114], [38.148628, -122.185142], [38.148668, -122.18514], [38.148706, -122.185102], [38.148747, -122.185031]]}, "4": {"path": [[38.148634, -122.183729], [38.148988, -122.182278], [38.149073, -122.180817], [38.149231, -122.180166]], "green": [[38.149308, -122.180157], [38.149293, -122.180213], [38.149233, -122.180304], [38.14917, -122.180345], [38.149124, -122.180314], [38.149119, -122.180238], [38.149077, -122.180159], [38.149096, -122.180128], [38.149191, -122.180075], [38.149277, -122.180021], [38.149332, -122.180026], [38.149356, -122.180069], [38.149344, -122.18012], [38.149308, -122.180157]]}, "5": {"path": [[38.14748, -122.178406], [38.146616, -122.176973], [38.144555, -122.174551], [38.144506, -122.173993]], "green": [[38.14456, -122.174146], [38.144562, -122.174078], [38.144572, -122.174027], [38.144572, -122.173972], [38.144579, -122.173935], [38.144597, -122.173874], [38.144598, -122.173838], [38.144581, -122.173813], [38.144554, -122.173811], [38.144514, -122.173834], [38.144479, -122.173851], [38.144469, -122.173871], [38.144465, -122.173909], [38.144456, -122.173937], [38.144435, -122.173977], [38.14441, -122.173997], [38.144393, -122.174027], [38.144401, -122.174068], [38.144427, -122.174082], [38.144445, -122.174117], [38.144469, -122.174172], [38.144507, -122.174184], [38.144544, -122.174174], [38.14456, -122.174146]]}, "6": {"path": [[38.143707, -122.173705], [38.14336, -122.173239], [38.142439, -122.17237]], "green": [[38.142543, -122.172443], [38.142566, -122.172406], [38.142563, -122.172362], [38.14253, -122.172299], [38.142488, -122.172283], [38.142458, -122.17229], [38.142414, -122.172281], [38.142367, -122.172251], [38.142336, -122.172255], [38.142305, -122.172312], [38.142302, -122.172355], [38.14232, -122.172439], [38.142352, -122.172477], [38.14239, -122.172478], [38.142466, -122.172462], [38.142526, -122.172462], [38.142543, -122.172443]]}, "7": {"path": [[38.143407, -122.172756], [38.144566, -122.172837], [38.145615, -122.173167], [38.145971, -122.173405]], "green": [[38.146135, -122.173435], [38.146106, -122.17335], [38.146065, -122.173312], [38.146015, -122.173315], [38.145941, -122.173355], [38.145901, -122.173345], [38.145871, -122.173324], [38.145836, -122.173342], [38.145817, -122.173383], [38.145826, -122.173423], [38.145859, -122.173477], [38.14592, -122.173507], [38.145958, -122.173515], [38.146034, -122.173496], [38.14611, -122.173473], [38.146135, -122.173435]]}, "8": {"path": [[38.1468, -122.173634], [38.147969, -122.174859], [38.148965, -122.176249], [38.149454, -122.176546]], "green": [[38.149583, -122.176617], [38.14951, -122.176627], [38.149399, -122.176666], [38.149355, -122.176654], [38.14929, -122.176595], [38.149267, -122.176544], [38.149281, -122.176505], [38.149322, -122.176471], [38.149356, -122.176468], [38.149393, -122.176446], [38.14945, -122.176465], [38.149521, -122.176461], [38.149567, -122.176473], [38.149603, -122.176514], [38.149623, -122.176559], [38.149608, -122.176603], [38.149583, -122.176617]]}, "9": {"path": [[38.151424, -122.177159], [38.153087, -122.177724], [38.154534, -122.17779]], "green": [[38.154591, -122.177795], [38.154617, -122.17789], [38.154603, -122.177936], [38.154552, -122.177975], [38.154488, -122.177968], [38.154459, -122.177908], [38.154469, -122.177864], [38.154471, -122.177823], [38.15444, -122.177776], [38.154427, -122.177751], [38.154443, -122.177713], [38.15448, -122.177701], [38.154532, -122.177683], [38.154569, -122.17765], [38.154587, -122.177649], [38.154606, -122.177674], [38.154616, -122.177705], [38.154606, -122.177756], [38.154591, -122.177795]]}, "10": {"path": [[38.155786, -122.17692], [38.157448, -122.177112], [38.158546, -122.177443], [38.158997, -122.177819]], "green": [[38.15912, -122.177863], [38.159102, -122.177913], [38.159054, -122.177923], [38.158986, -122.17794], [38.158969, -122.177945], [38.158917, -122.177921], [38.158899, -122.177864], [38.158874, -122.177783], [38.158869, -122.177734], [38.158879, -122.177706], [38.158941, -122.177675], [38.158994, -122.17769], [38.159024, -122.177728], [38.159082, -122.177745], [38.159122, -122.177808], [38.15912, -122.177863]]}, "11": {"path": [[38.159689, -122.177909], [38.160839, -122.177712], [38.162616, -122.177726], [38.163099, -122.177595]], "green": [[38.163238, -122.177663], [38.16324, -122.177605], [38.163255, -122.177523], [38.163232, -122.177468], [38.163205, -122.177454], [38.163165, -122.177463], [38.163126, -122.177513], [38.163119, -122.177519], [38.163106, -122.177535], [38.163063, -122.177539], [38.163019, -122.177552], [38.162983, -122.177587], [38.162954, -122.177611], [38.162929, -122.177629], [38.162922, -122.177665], [38.162936, -122.177694], [38.162977, -122.177696], [38.163067, -122.177698], [38.163129, -122.177711], [38.163185, -122.177711], [38.163238, -122.177663]]}, "12": {"path": [[38.16318, -122.177144], [38.164607, -122.177058], [38.165258, -122.176718], [38.166013, -122.175719], [38.166181, -122.175154], [38.166148, -122.174839]], "green": [[38.166248, -122.174967], [38.166234, -122.174888], [38.166247, -122.174821], [38.166239, -122.174795], [38.166191, -122.174734], [38.166174, -122.17468], [38.166149, -122.174646], [38.166112, -122.174636], [38.166094, -122.174664], [38.166089, -122.1747], [38.166106, -122.174763], [38.166109, -122.174811], [38.166095, -122.174857], [38.166065, -122.174906], [38.166047, -122.174952], [38.166061, -122.174996], [38.166083, -122.175001], [38.166149, -122.174991], [38.166212, -122.175001], [38.166248, -122.174967]]}, "13": {"path": [[38.165714, -122.173798], [38.166939, -122.174009]], "green": [[38.166973, -122.174038], [38.167014, -122.173945], [38.167006, -122.173891], [38.166901, -122.17384], [38.166866, -122.17386], [38.166861, -122.173907], [38.166873, -122.173992], [38.166891, -122.174112], [38.166937, -122.174182], [38.166982, -122.174176], [38.166988, -122.174126], [38.166973, -122.174038]]}, "14": {"path": [[38.167599, -122.174025], [38.167063, -122.175306], [38.165513, -122.177507]],